Table S 3,Analysis of parallel nonsynonymous substitutions for single-copy orthologous genes,,,,,,,
,,,,,,,,
,Columns E to H are fragment from Proteinortho output,,,,,,,
,"Files Aislandica_prot.fa, Harctica_prot.fa, Marenaria_prot.fa, Mbalthica_prot.fa, Mcalcarea_prot.fa are available at https://github.com/ZaTaxon/Mcalcarea_transcriptome/data",,,,,,,
Description,Position,Subtidal,Tidal,Aislandica_prot.fa,Marenaria_prot.fa,Mbalthica_prot.fa,Mcalcarea_prot.fa,Harctica_prot.fa
uncharacterized protein,151,G,D,TRINITY_DN31938_c1_g3::TRINITY_DN31938_c1_g3_i4::g.23725::m.23725,TRINITY_DN22745_c0_g1::TRINITY_DN22745_c0_g1_i2::g.126598::m.126598,TRINITY_DN17248_c0_g1::TRINITY_DN17248_c0_g1_i1::g.18270::m.18270,TRINITY_DN36636_c0_g1_i1.p1,TRINITY_DN25174_c1_g1::TRINITY_DN25174_c1_g1_i1::g.8667::m.8667
rRNA-processing protein FCF1 homolog,163,L,I,TRINITY_DN28437_c0_g1::TRINITY_DN28437_c0_g1_i1::g.25823::m.25823,TRINITY_DN29010_c1_g2::TRINITY_DN29010_c1_g2_i1::g.5885::m.5885,TRINITY_DN33788_c5_g2::TRINITY_DN33788_c5_g2_i1::g.47362::m.47362,TRINITY_DN19300_c0_g1_i1.p1,TRINITY_DN18197_c0_g1::TRINITY_DN18197_c0_g1_i1::g.7889::m.7889
tyrosine-protein kinase SRK2-like,91,L,M,TRINITY_DN60171_c0_g1::TRINITY_DN60171_c0_g1_i1::g.19807::m.19807,TRINITY_DN47419_c0_g1::TRINITY_DN47419_c0_g1_i1::g.92580::m.92580,TRINITY_DN22213_c0_g1::TRINITY_DN22213_c0_g1_i1::g.7933::m.7933,TRINITY_DN18422_c1_g1_i1.p1,TRINITY_DN14480_c0_g1::TRINITY_DN14480_c0_g1_i1::g.9538::m.9538
putative pre-mRNA-splicing factor ATP-dependent RNA helicase PRP1,81,A,G,TRINITY_DN17223_c0_g1::TRINITY_DN17223_c0_g1_i1::g.11615::m.11615,TRINITY_DN35348_c0_g1::TRINITY_DN35348_c0_g1_i3::g.63765::m.63765,TRINITY_DN21544_c0_g2::TRINITY_DN21544_c0_g2_i1::g.40343::m.40343,TRINITY_DN9439_c0_g1_i2.p1,TRINITY_DN18586_c0_g1::TRINITY_DN18586_c0_g1_i1::g.18500::m.18500
,101,L,V,,,,,
,109,V,I,,,,,
,136,V,Y,,,,,
,157,I,P,,,,,
,158,D,G,,,,,
,171,F,W,,,,,
,173,Q,E,,,,,
oxidoreductase HTATIP2-like,125,D,E,TRINITY_DN25331_c0_g1::TRINITY_DN25331_c0_g1_i1::g.37302::m.37302,TRINITY_DN27106_c0_g2::TRINITY_DN27106_c0_g2_i1::g.50094::m.50094,TRINITY_DN32553_c8_g1::TRINITY_DN32553_c8_g1_i3::g.10327::m.10327,TRINITY_DN13356_c0_g2_i1.p1,TRINITY_DN23381_c0_g1::TRINITY_DN23381_c0_g1_i1::g.16046::m.16046
ribosomal RNA-processing protein 7 homolog A,194,E,D,TRINITY_DN16943_c0_g2::TRINITY_DN16943_c0_g2_i1::g.38852::m.38852,TRINITY_DN25877_c0_g1::TRINITY_DN25877_c0_g1_i1::g.107972::m.107972,TRINITY_DN33326_c7_g1::TRINITY_DN33326_c7_g1_i2::g.34601::m.34601,TRINITY_DN17976_c0_g1_i1.p1,TRINITY_DN25913_c0_g2::TRINITY_DN25913_c0_g2_i1::g.20307::m.20307
transitional endoplasmic reticulum ATPase,90,I,A,TRINITY_DN16394_c0_g1::TRINITY_DN16394_c0_g1_i1::g.38238::m.38238,TRINITY_DN5786_c0_g1::TRINITY_DN5786_c0_g1_i1::g.90910::m.90910,TRINITY_DN55128_c0_g1::TRINITY_DN55128_c0_g1_i1::g.29732::m.29732,TRINITY_DN20333_c3_g1_i1.p1,TRINITY_DN27982_c0_g1::TRINITY_DN27982_c0_g1_i1::g.14360::m.14360
,97,V,L,,,,,
protocadherin,223,L,M,TRINITY_DN51933_c0_g1::TRINITY_DN51933_c0_g1_i1::g.8116::m.8116,TRINITY_DN36547_c0_g2::TRINITY_DN36547_c0_g2_i2::g.13650::m.13650,TRINITY_DN16233_c0_g1::TRINITY_DN16233_c0_g1_i1::g.41161::m.41161,TRINITY_DN25002_c0_g1_i1.p1,TRINITY_DN13797_c0_g1::TRINITY_DN13797_c0_g1_i1::g.10166::m.10166
,274,I,V,,,,,
Kyphoscoliosis peptidase,139,F,Y,TRINITY_DN23698_c0_g1::TRINITY_DN23698_c0_g1_i1::g.30286::m.30286,TRINITY_DN67636_c0_g1::TRINITY_DN67636_c0_g1_i1::g.119619::m.119619,TRINITY_DN28095_c1_g1::TRINITY_DN28095_c1_g1_i1::g.7514::m.7514,TRINITY_DN9481_c0_g1_i1.p1,TRINITY_DN23309_c0_g1::TRINITY_DN23309_c0_g1_i2::g.16132::m.16132
,140,A,V,,,,,
,170,Y,R,,,,,
,236,W,F,,,,,
,237,A,P,,,,,
,239,K,D,,,,,
,241,E,K,,,,,
,252,Q,E,,,,,
,306,I,L,,,,,
,318,Y,I,,,,,
"myosin heavy chain, striated muscle-like",360,I,V,TRINITY_DN32644_c0_g1::TRINITY_DN32644_c0_g1_i1::g.22456::m.22456,TRINITY_DN38406_c0_g2::TRINITY_DN38406_c0_g2_i3::g.69992::m.69992,TRINITY_DN32569_c6_g1::TRINITY_DN32569_c6_g1_i3::g.10587::m.10587,TRINITY_DN684_c0_g2_i1.p1,TRINITY_DN26693_c4_g2::TRINITY_DN26693_c4_g2_i2::g.12031::m.12031
short-chain collagen C4-like,137,D,N,TRINITY_DN63985_c0_g1::TRINITY_DN63985_c0_g1_i1::g.19776::m.19776,TRINITY_DN31025_c1_g1::TRINITY_DN31025_c1_g1_i2::g.59079::m.59079,TRINITY_DN26127_c8_g1::TRINITY_DN26127_c8_g1_i2::g.44164::m.44164,TRINITY_DN4035_c0_g1_i2.p1,TRINITY_DN25190_c1_g1::TRINITY_DN25190_c1_g1_i1::g.8687::m.8687
dynactin subunit 2-A-like,309,G,A,TRINITY_DN29695_c2_g9::TRINITY_DN29695_c2_g9_i1::g.14230::m.14230,TRINITY_DN27062_c1_g3::TRINITY_DN27062_c1_g3_i2::g.50072::m.50072,TRINITY_DN26234_c5_g1::TRINITY_DN26234_c5_g1_i2::g.16751::m.16751,TRINITY_DN34306_c0_g1_i1.p1,TRINITY_DN26017_c0_g1::TRINITY_DN26017_c0_g1_i1::g.6962::m.6962
hypothetical protein [zf-RVT domain-containing protein / reverse transcriptase family protein],189,R,K,TRINITY_DN32409_c1_g2::TRINITY_DN32409_c1_g2_i3::g.33769::m.33769,TRINITY_DN32029_c0_g1::TRINITY_DN32029_c0_g1_i5::g.31781::m.31781,TRINITY_DN24654_c0_g1::TRINITY_DN24654_c0_g1_i2::g.49547::m.49547,TRINITY_DN14081_c0_g1_i1.p1,TRINITY_DN26649_c3_g5::TRINITY_DN26649_c3_g5_i1::g.11813::m.11813
,198,I,L,,,,,
,232,Y,F,,,,,
,261,N,D,,,,,
,306,Y,F,,,,,
dnaJ homolog subfamily C member 2-like,180,L,Q,TRINITY_DN31728_c2_g5::TRINITY_DN31728_c2_g5_i1::g.4285::m.4285,TRINITY_DN35056_c0_g2::TRINITY_DN35056_c0_g2_i1::g.60478::m.60478,TRINITY_DN33995_c5_g1::TRINITY_DN33995_c5_g1_i1::g.8225::m.8225,TRINITY_DN6996_c0_g1_i1.p1,TRINITY_DN25534_c1_g1::TRINITY_DN25534_c1_g1_i1::g.8086::m.8086
probable ATP-dependent RNA helicase DDX27,462,K,R,TRINITY_DN31576_c0_g1::TRINITY_DN31576_c0_g1_i1::g.31309::m.31309,TRINITY_DN31192_c0_g1::TRINITY_DN31192_c0_g1_i1::g.81804::m.81804,TRINITY_DN27106_c6_g1::TRINITY_DN27106_c6_g1_i1::g.60219::m.60219,TRINITY_DN25721_c0_g1_i1.p1,TRINITY_DN24253_c0_g1::TRINITY_DN24253_c0_g1_i1::g.10537::m.10537
Puromycin-sensitive aminopeptidase,320,F,Y,TRINITY_DN24601_c0_g1::TRINITY_DN24601_c0_g1_i1::g.33334::m.33334,TRINITY_DN28906_c0_g2::TRINITY_DN28906_c0_g2_i1::g.102424::m.102424,TRINITY_DN28744_c7_g4::TRINITY_DN28744_c7_g4_i1::g.9396::m.9396,TRINITY_DN11382_c0_g2_i1.p1,TRINITY_DN26371_c3_g2::TRINITY_DN26371_c3_g2_i3::g.500::m.500
,400,Q,L,,,,,
,417,A,D,,,,,
,470,L,V,,,,,
,537,F,M,,,,,
,540,G,S,,,,,
,544,N,H,,,,,
RNA-binding protein 45-like,154,A,S,TRINITY_DN32861_c3_g2::TRINITY_DN32861_c3_g2_i2::g.13883::m.13883,TRINITY_DN35124_c0_g1::TRINITY_DN35124_c0_g1_i10::g.14079::m.14079,TRINITY_DN27104_c9_g2::TRINITY_DN27104_c9_g2_i2::g.59915::m.59915,TRINITY_DN35128_c0_g1_i1.p1,TRINITY_DN18487_c0_g1::TRINITY_DN18487_c0_g1_i1::g.10680::m.10680
,243,D,E,,,,,
pre-rRNA-processing protein TSR1 homolog,702,V,I,TRINITY_DN29611_c2_g1::TRINITY_DN29611_c2_g1_i10::g.14407::m.14407,TRINITY_DN33880_c0_g1::TRINITY_DN33880_c0_g1_i1::g.134498::m.134498,TRINITY_DN32145_c6_g1::TRINITY_DN32145_c6_g1_i1::g.59716::m.59716,TRINITY_DN15941_c0_g1_i1.p1,TRINITY_DN23673_c0_g1::TRINITY_DN23673_c0_g1_i1::g.14496::m.14496
innexin unc-9-like,239,L,I,TRINITY_DN30383_c1_g1::TRINITY_DN30383_c1_g1_i1::g.38047::m.38047,TRINITY_DN36025_c2_g1::TRINITY_DN36025_c2_g1_i3::g.68884::m.68884,TRINITY_DN26820_c0_g1::TRINITY_DN26820_c0_g1_i5::g.9657::m.9657,TRINITY_DN1293_c0_g2_i1.p1,TRINITY_DN26572_c1_g1::TRINITY_DN26572_c1_g1_i1::g.6057::m.6057
3-hydroxyacyl-CoA dehydrogenase type-2-like,189,A,S,TRINITY_DN39283_c0_g1::TRINITY_DN39283_c0_g1_i1::g.7951::m.7951,TRINITY_DN33387_c0_g2::TRINITY_DN33387_c0_g2_i2::g.79497::m.79497,TRINITY_DN32646_c7_g1::TRINITY_DN32646_c7_g1_i1::g.33392::m.33392,TRINITY_DN5797_c0_g2_i1.p1,TRINITY_DN26298_c2_g7::TRINITY_DN26298_c2_g7_i1::g.5042::m.5042
uncharacterized protein,179,V,I,TRINITY_DN4032_c0_g1::TRINITY_DN4032_c0_g1_i1::g.17357::m.17357,TRINITY_DN35570_c2_g1::TRINITY_DN35570_c2_g1_i1::g.104185::m.104185,TRINITY_DN36168_c0_g1::TRINITY_DN36168_c0_g1_i1::g.11370::m.11370,TRINITY_DN12565_c0_g1_i1.p1,TRINITY_DN26240_c3_g1::TRINITY_DN26240_c3_g1_i2::g.5263::m.5263
eukaryotic translation initiation factor 3 subunit F-like,134,G,N,TRINITY_DN28087_c0_g1::TRINITY_DN28087_c0_g1_i1::g.4851::m.4851,TRINITY_DN27565_c1_g2::TRINITY_DN27565_c1_g2_i3::g.113601::m.113601,TRINITY_DN26377_c3_g4::TRINITY_DN26377_c3_g4_i3::g.239::m.239,TRINITY_DN1659_c0_g1_i1.p1,TRINITY_DN26043_c7_g1::TRINITY_DN26043_c7_g1_i1::g.6716::m.6716
putative uncharacterized oxidoreductase YDR541C,233,V,I,TRINITY_DN32631_c5_g5::TRINITY_DN32631_c5_g5_i4::g.22350::m.22350,TRINITY_DN37650_c0_g1::TRINITY_DN37650_c0_g1_i1::g.61403::m.61403,TRINITY_DN31357_c4_g2::TRINITY_DN31357_c4_g2_i2::g.28265::m.28265,TRINITY_DN19163_c0_g1_i1.p1,TRINITY_DN25854_c0_g1::TRINITY_DN25854_c0_g1_i1::g.16340::m.16340
uncharacterized protein,28,G,A,TRINITY_DN30608_c3_g2::TRINITY_DN30608_c3_g2_i2::g.27276::m.27276,TRINITY_DN30280_c0_g3::TRINITY_DN30280_c0_g3_i1::g.54752::m.54752,TRINITY_DN27255_c8_g3::TRINITY_DN27255_c8_g3_i1::g.15623::m.15623,TRINITY_DN11047_c0_g1_i1.p1,TRINITY_DN24740_c0_g1::TRINITY_DN24740_c0_g1_i2::g.17696::m.17696
,95,I,V,,,,,
guanine nucleotide-binding protein subunit beta-2-like 1,2,S,A,TRINITY_DN30698_c0_g1::TRINITY_DN30698_c0_g1_i1::g.27166::m.27166,TRINITY_DN30160_c0_g1::TRINITY_DN30160_c0_g1_i4::g.123234::m.123234,TRINITY_DN32490_c0_g2::TRINITY_DN32490_c0_g2_i1::g.50029::m.50029,TRINITY_DN386_c0_g1_i1.p1,TRINITY_DN24698_c3_g2::TRINITY_DN24698_c3_g2_i1::g.15698::m.15698
UBX domain-containing protein 1-like,141,P,A,TRINITY_DN28721_c0_g1::TRINITY_DN28721_c0_g1_i1::g.5833::m.5833,TRINITY_DN25423_c0_g1::TRINITY_DN25423_c0_g1_i1::g.28957::m.28957,TRINITY_DN32586_c4_g4::TRINITY_DN32586_c4_g4_i4::g.10686::m.10686,TRINITY_DN34421_c0_g1_i1.p1,TRINITY_DN24310_c0_g1::TRINITY_DN24310_c0_g1_i2::g.2446::m.2446
COP9 signalosome complex subunit 8,106,S,T,TRINITY_DN33074_c1_g2::TRINITY_DN33074_c1_g2_i1::g.36655::m.36655,TRINITY_DN34152_c0_g3::TRINITY_DN34152_c0_g3_i1::g.86851::m.86851,TRINITY_DN4207_c0_g1::TRINITY_DN4207_c0_g1_i1::g.35974::m.35974,TRINITY_DN8634_c0_g1_i1.p1,TRINITY_DN24131_c0_g1::TRINITY_DN24131_c0_g1_i1::g.4825::m.4825
,126,S,N,,,,,
adenosylhomocysteinase-like,260,V,I,TRINITY_DN31855_c5_g1::TRINITY_DN31855_c5_g1_i5::g.8816::m.8816,TRINITY_DN30020_c0_g1::TRINITY_DN30020_c0_g1_i1::g.3019::m.3019,TRINITY_DN32186_c9_g1::TRINITY_DN32186_c9_g1_i1::g.59841::m.59841,TRINITY_DN131_c3_g2_i1.p1,TRINITY_DN24109_c0_g1::TRINITY_DN24109_c0_g1_i1::g.4858::m.4858
V-type proton ATPase subunit C 1-A-like,221,E,D,TRINITY_DN30519_c4_g5::TRINITY_DN30519_c4_g5_i3::g.1902::m.1902,TRINITY_DN35972_c0_g1::TRINITY_DN35972_c0_g1_i2::g.19743::m.19743,TRINITY_DN26153_c3_g2::TRINITY_DN26153_c3_g2_i1::g.43992::m.43992,TRINITY_DN7227_c0_g2_i1.p1,TRINITY_DN24083_c0_g1::TRINITY_DN24083_c0_g1_i2::g.4400::m.4400
NADH dehydrogenase [ubiquinone] 1 alpha subcomplex subunit 10,155,K,N,TRINITY_DN33207_c4_g1::TRINITY_DN33207_c4_g1_i1::g.21676::m.21676,TRINITY_DN26913_c0_g1::TRINITY_DN26913_c0_g1_i1::g.23680::m.23680,TRINITY_DN33748_c12_g1::TRINITY_DN33748_c12_g1_i1::g.47529::m.47529,TRINITY_DN12130_c0_g1_i1.p1,TRINITY_DN23727_c0_g1::TRINITY_DN23727_c0_g1_i1::g.14857::m.14857
,322,R,K,,,,,
"28S ribosomal protein S9, mitochondrial-like",281,K,R,TRINITY_DN30848_c10_g3::TRINITY_DN30848_c10_g3_i1::g.3314::m.3314,TRINITY_DN29231_c0_g1::TRINITY_DN29231_c0_g1_i1::g.52146::m.52146,TRINITY_DN25149_c0_g1::TRINITY_DN25149_c0_g1_i2::g.26005::m.26005,TRINITY_DN6960_c0_g1_i2.p1,TRINITY_DN22683_c0_g1::TRINITY_DN22683_c0_g1_i1::g.18680::m.18680